annee,indicateur,valeur,unite,statut,source
2021,defaillances,10675,entreprises,derive,reconstitue a partir des hausses annuelles Inforisk (+18% en 2022; +13% en 2023; ~+10% en 2024)
2022,defaillances,12597,entreprises,derive,idem
2023,defaillances,14235,entreprises,derive,idem
2024,defaillances,15658,entreprises,verifie,https://fr.le360.ma/economie/entreprises-un-nombre-record-de-faillites-au-maroc-en-2024_VZKZZVNEF5G4LOC34JIR5VX7EE/
2025,defaillances,15141,entreprises,derive,15658 x (1-3.3%) - baisse de 3.3% selon Inforisk https://fnh.ma/article/actualite-economique/defaillances-entreprises-baisse-faillites
2026,defaillances_prevision,15300,entreprises,prevision,https://fnh.ma/article/actualite-economique/defaillances-entreprises-baisse-faillites
2024,part_secteur_commerce,33,%,verifie,https://industries.ma/entreprises-marocaines-les-faillites-atteignent-un-niveau-record-en-2024/
2024,part_secteur_immobilier,20,%,verifie,https://industries.ma/entreprises-marocaines-les-faillites-atteignent-un-niveau-record-en-2024/
2024,part_secteur_btp,15,%,verifie,https://industries.ma/entreprises-marocaines-les-faillites-atteignent-un-niveau-record-en-2024/
2024,part_secteur_transport,9,%,verifie,https://industries.ma/entreprises-marocaines-les-faillites-atteignent-un-niveau-record-en-2024/
2025,part_defaillances_TPE,98.8,%,verifie,https://fnh.ma/article/actualite-economique/defaillances-entreprises-baisse-faillites
2025,part_defaillances_moyennes,1.1,%,verifie,https://fnh.ma/article/actualite-economique/defaillances-entreprises-baisse-faillites
2025,part_defaillances_grandes,0.1,%,verifie,https://fnh.ma/article/actualite-economique/defaillances-entreprises-baisse-faillites
2025,defaillances_casablanca_settat,4410,entreprises,verifie,https://fnh.ma/article/actualite-economique/defaillances-entreprises-baisse-faillites
2025,societes_zombies_DGI,300000,entreprises,verifie,https://inforisk.ma/blog/2026/02/05/defaillances-dentreprises-au-maroc-pourquoi-le-risque-se-concentre-sur-les-300-000-societes-zombies/
2025,croissance_PIB,5.0,%,verifie,https://inforisk.ma/blog/2026/02/05/defaillances-dentreprises-au-maroc-pourquoi-le-risque-se-concentre-sur-les-300-000-societes-zombies/
2025,inflation,0.8,%,verifie,https://inforisk.ma/blog/2026/02/05/defaillances-dentreprises-au-maroc-pourquoi-le-risque-se-concentre-sur-les-300-000-societes-zombies/
2009-2024,hausse_annuelle_moyenne_defaillances,14,% par an (hors 2020),verifie,https://fr.le360.ma/economie/entreprises-un-nombre-record-de-faillites-au-maroc-en-2024_VZKZZVNEF5G4LOC34JIR5VX7EE/
